<?xml version="1.0" encoding="UTF-8"?>
<QCARConfig>
    <Tracking>
        <ImageTarget name="bottom_0" size="1.000000 0.624964"/>
        <ImageTarget name="vuforia" size="4.000000 3.015504"/>
        <ImageTarget name="cat" size="1.000000 0.903226"/>
        <ImageTarget name="box.Left" size="1.000000 1.000000"/>
        <ImageTarget name="box.Back" size="1.000000 1.000000"/>
        <ImageTarget name="box.Right" size="1.000000 1.000000"/>
        <ImageTarget name="box.Front" size="1.000000 1.000000"/>
        <ImageTarget name="box.Bottom" size="1.000000 1.003793"/>
        <ImageTarget name="box.Top" size="1.000000 1.003793"/>
        <MultiTarget name="box">
            <Part name="box.Left" translation="-0.5 0 0" rotation="AD: 0 1 0 -90"/>
            <Part name="box.Right" translation="0.5 0 0" rotation="AD: 0 1 0 90"/>
            <Part name="box.Front" translation="0 0 0.5" rotation="AD: 1 0 0 0"/>
            <Part name="box.Back" translation="0 0 -0.5" rotation="AD: 0 1 0 180"/>
            <Part name="box.Top" translation="0 0.5 0" rotation="AD: 1 0 0 -90"/>
            <Part name="box.Bottom" translation="0 -0.5 0" rotation="AD: 1 0 0 90"/>
        </MultiTarget>
    </Tracking>
</QCARConfig>
